{
  "loss": [
    0.09075812250375748,
    0.02536105364561081,
    0.019832566380500793,
    0.017867786809802055,
    0.01660994626581669,
    0.013152825646102428,
    0.012034383602440357,
    0.01150969322770834,
    0.010971481911838055,
    0.010094622150063515,
    0.00851423665881157,
    0.009219150058925152,
    0.00865643098950386,
    0.009883501566946507,
    0.009170862846076488,
    0.008755788207054138,
    0.008746104314923286,
    0.008236869238317013,
    0.00883196946233511
  ],
  "mae": [
    0.21821166574954987,
    0.12517522275447845,
    0.10938648134469986,
    0.10548517853021622,
    0.09813844412565231,
    0.08880199491977692,
    0.0845419317483902,
    0.08384773135185242,
    0.08268678188323975,
    0.07721740752458572,
    0.07225438207387924,
    0.07414264976978302,
    0.07278076559305191,
    0.07666894793510437,
    0.0732860416173935,
    0.07246344536542892,
    0.07108187675476074,
    0.07007472217082977,
    0.07208722829818726
  ],
  "mse": [
    0.09075812250375748,
    0.02536105364561081,
    0.019832566380500793,
    0.017867786809802055,
    0.01660994626581669,
    0.013152825646102428,
    0.012034383602440357,
    0.01150969322770834,
    0.010971481911838055,
    0.010094622150063515,
    0.00851423665881157,
    0.009219150058925152,
    0.00865643098950386,
    0.009883501566946507,
    0.009170862846076488,
    0.008755788207054138,
    0.008746104314923286,
    0.008236869238317013,
    0.00883196946233511
  ],
  "val_loss": [
    0.0030156224966049194,
    0.01104755885899067,
    0.00486341118812561,
    0.002219516783952713,
    0.011078842915594578,
    0.0034758097026497126,
    0.0032856150064617395,
    0.004068946465849876,
    0.002522703493013978,
    0.009287641383707523,
    0.015230521559715271,
    0.007443226873874664,
    0.012601444497704506,
    0.02388623356819153,
    0.010619385167956352,
    0.01172624435275793,
    0.012587365694344044,
    0.010443326085805893,
    0.008143013343214989
  ],
  "val_mae": [
    0.0451800599694252,
    0.09139832109212875,
    0.053015563637018204,
    0.03850894048810005,
    0.09583126753568649,
    0.04321153461933136,
    0.04983864352107048,
    0.05653737485408783,
    0.038212843239307404,
    0.08734260499477386,
    0.11631842702627182,
    0.07725449651479721,
    0.1050751656293869,
    0.14851608872413635,
    0.09509480744600296,
    0.10115942358970642,
    0.10555265843868256,
    0.09439121186733246,
    0.08208469301462173
  ],
  "val_mse": [
    0.0030156224966049194,
    0.01104755885899067,
    0.00486341118812561,
    0.002219516783952713,
    0.011078842915594578,
    0.0034758097026497126,
    0.0032856150064617395,
    0.004068946465849876,
    0.002522703493013978,
    0.009287641383707523,
    0.015230521559715271,
    0.007443226873874664,
    0.012601444497704506,
    0.02388623356819153,
    0.010619385167956352,
    0.01172624435275793,
    0.012587365694344044,
    0.010443326085805893,
    0.008143013343214989
  ],
  "learning_rate": [
    9.999999747378752e-05,
    9.999999747378752e-05,
    9.999999747378752e-05,
    9.999999747378752e-05,
    9.999999747378752e-05,
    9.999999747378752e-05,
    9.999999747378752e-05,
    9.999999747378752e-05,
    9.999999747378752e-05,
    4.999999873689376e-05,
    4.999999873689376e-05,
    4.999999873689376e-05,
    4.999999873689376e-05,
    4.999999873689376e-05,
    2.499999936844688e-05,
    2.499999936844688e-05,
    2.499999936844688e-05,
    2.499999936844688e-05,
    2.499999936844688e-05
  ]
}