{
  "loss": [
    0.038720522075891495,
    0.013585282489657402,
    0.011699361726641655,
    0.010620133951306343,
    0.00974727887660265,
    0.009399828501045704,
    0.009521312080323696,
    0.008920871652662754,
    0.00826288666576147,
    0.0077980137430131435,
    0.008416948840022087,
    0.0065422202460467815,
    0.006781548261642456,
    0.0065493714064359665,
    0.005742472596466541,
    0.0064928652718663216,
    0.006179457064718008,
    0.006381201092153788,
    0.00570543622598052,
    0.006018423475325108,
    0.005094997119158506,
    0.005540815647691488,
    0.005343608558177948,
    0.005267706699669361
  ],
  "mae": [
    0.1432064324617386,
    0.09086847305297852,
    0.08295872062444687,
    0.07943163812160492,
    0.07533428072929382,
    0.0749795064330101,
    0.0733589231967926,
    0.07275823503732681,
    0.07049788534641266,
    0.06795085966587067,
    0.07095343619585037,
    0.06306028366088867,
    0.061798546463251114,
    0.06276272982358932,
    0.05846051871776581,
    0.061477016657590866,
    0.060306817293167114,
    0.06176980212330818,
    0.058345694094896317,
    0.05971667543053627,
    0.054601430892944336,
    0.05690871179103851,
    0.05628101900219917,
    0.05651801452040672
  ],
  "mse": [
    0.038720522075891495,
    0.013585282489657402,
    0.011699361726641655,
    0.010620133951306343,
    0.00974727887660265,
    0.009399828501045704,
    0.009521312080323696,
    0.008920871652662754,
    0.00826288666576147,
    0.0077980137430131435,
    0.008416948840022087,
    0.0065422202460467815,
    0.006781548261642456,
    0.0065493714064359665,
    0.005742472596466541,
    0.0064928652718663216,
    0.006179457064718008,
    0.006381201092153788,
    0.00570543622598052,
    0.006018423475325108,
    0.005094997119158506,
    0.005540815647691488,
    0.005343608558177948,
    0.005267706699669361
  ],
  "val_loss": [
    0.04599791020154953,
    0.01009457092732191,
    0.02428961731493473,
    0.026186911389231682,
    0.014541839249432087,
    0.014028673060238361,
    0.007042156532406807,
    0.013980485498905182,
    0.003790494753047824,
    0.004334249533712864,
    0.013092713430523872,
    0.012315630912780762,
    0.01136228907853365,
    0.010029611177742481,
    0.011223747394979,
    0.00468928599730134,
    0.0051095872186124325,
    0.00950076337903738,
    0.005551752168685198,
    0.013392792083323002,
    0.005889815744012594,
    0.007776668295264244,
    0.007773424964398146,
    0.011289810761809349
  ],
  "val_mae": [
    0.2065633088350296,
    0.0869455635547638,
    0.146759495139122,
    0.15421056747436523,
    0.10903945565223694,
    0.10608260333538055,
    0.07249711453914642,
    0.10809031873941422,
    0.05165998637676239,
    0.055592454969882965,
    0.1033710166811943,
    0.10011383891105652,
    0.09690086543560028,
    0.08920971304178238,
    0.09539563208818436,
    0.057930078357458115,
    0.06097044795751572,
    0.08621998876333237,
    0.06507573276758194,
    0.106661356985569,
    0.0668543353676796,
    0.07778153568506241,
    0.07772267609834671,
    0.0967324823141098
  ],
  "val_mse": [
    0.04599791020154953,
    0.01009457092732191,
    0.02428961731493473,
    0.026186911389231682,
    0.014541839249432087,
    0.014028673060238361,
    0.007042156532406807,
    0.013980485498905182,
    0.003790494753047824,
    0.004334249533712864,
    0.013092713430523872,
    0.012315630912780762,
    0.01136228907853365,
    0.010029611177742481,
    0.011223747394979,
    0.00468928599730134,
    0.0051095872186124325,
    0.00950076337903738,
    0.005551752168685198,
    0.013392792083323002,
    0.005889815744012594,
    0.007776668295264244,
    0.007773424964398146,
    0.011289810761809349
  ],
  "learning_rate": [
    9.999999747378752e-05,
    9.999999747378752e-05,
    9.999999747378752e-05,
    9.999999747378752e-05,
    9.999999747378752e-05,
    9.999999747378752e-05,
    9.999999747378752e-05,
    9.999999747378752e-05,
    9.999999747378752e-05,
    9.999999747378752e-05,
    9.999999747378752e-05,
    9.999999747378752e-05,
    9.999999747378752e-05,
    9.999999747378752e-05,
    4.999999873689376e-05,
    4.999999873689376e-05,
    4.999999873689376e-05,
    4.999999873689376e-05,
    4.999999873689376e-05,
    2.499999936844688e-05,
    2.499999936844688e-05,
    2.499999936844688e-05,
    2.499999936844688e-05,
    2.499999936844688e-05
  ]
}