{
  "loss": [
    0.4540984332561493,
    0.1115843877196312,
    0.06871834397315979,
    0.046945054084062576,
    0.05498580262064934,
    0.041349370032548904,
    0.05142578110098839,
    0.03392390161752701,
    0.03363347053527832,
    0.028204958885908127,
    0.050857219845056534,
    0.057374950498342514,
    0.057756297290325165,
    0.04087730124592781,
    0.0355498269200325,
    0.03679925203323364,
    0.03596695512533188,
    0.023217495530843735,
    0.028115609660744667,
    0.021372513845562935,
    0.02954331412911415,
    0.031316883862018585,
    0.022367820143699646,
    0.03437083959579468,
    0.01826057769358158,
    0.0222043227404356,
    0.02255845069885254,
    0.016881432384252548,
    0.014272903092205524,
    0.017005357891321182,
    0.017578694969415665,
    0.022442949935793877,
    0.0201595276594162,
    0.018839869648218155,
    0.01778324693441391,
    0.01092311181128025,
    0.011306261643767357,
    0.019945988431572914,
    0.018490230664610863,
    0.011048168875277042
  ],
  "mae": [
    0.5297456979751587,
    0.2836166322231293,
    0.2140091061592102,
    0.17001166939735413,
    0.18205048143863678,
    0.15853816270828247,
    0.17278099060058594,
    0.14706625044345856,
    0.14221380650997162,
    0.13270540535449982,
    0.18727914988994598,
    0.19130638241767883,
    0.19127805531024933,
    0.17143388092517853,
    0.1460549384355545,
    0.15045173466205597,
    0.1477874517440796,
    0.1174788847565651,
    0.12137075513601303,
    0.1078081950545311,
    0.128763809800148,
    0.1322866529226303,
    0.11235464364290237,
    0.12625345587730408,
    0.1073734387755394,
    0.10755281895399094,
    0.11664868146181107,
    0.09641360491514206,
    0.08795236796140671,
    0.09651302546262741,
    0.09764837473630905,
    0.10757145285606384,
    0.10647235065698624,
    0.09771643579006195,
    0.10729038715362549,
    0.07956911623477936,
    0.08397137373685837,
    0.10535939037799835,
    0.10041698813438416,
    0.08056405931711197
  ],
  "mse": [
    0.4540984332561493,
    0.1115843877196312,
    0.06871834397315979,
    0.046945054084062576,
    0.05498580262064934,
    0.041349370032548904,
    0.05142578110098839,
    0.03392390161752701,
    0.03363347053527832,
    0.028204958885908127,
    0.050857219845056534,
    0.057374950498342514,
    0.057756297290325165,
    0.04087730124592781,
    0.0355498269200325,
    0.03679925203323364,
    0.03596695512533188,
    0.023217495530843735,
    0.028115609660744667,
    0.021372513845562935,
    0.02954331412911415,
    0.031316883862018585,
    0.022367820143699646,
    0.03437083959579468,
    0.01826057769358158,
    0.0222043227404356,
    0.02255845069885254,
    0.016881432384252548,
    0.014272903092205524,
    0.017005357891321182,
    0.017578694969415665,
    0.022442949935793877,
    0.0201595276594162,
    0.018839869648218155,
    0.01778324693441391,
    0.01092311181128025,
    0.011306261643767357,
    0.019945988431572914,
    0.018490230664610863,
    0.011048168875277042
  ],
  "val_loss": [
    0.13963143527507782,
    0.05859079211950302,
    0.023594001308083534,
    0.01992502249777317,
    0.02774539589881897,
    0.019541457295417786,
    0.03035646490752697,
    0.04278896749019623,
    0.02904069609940052,
    0.024642985314130783,
    0.07471270114183426,
    0.019655335694551468,
    0.03129259869456291,
    0.01171930506825447,
    0.011496201157569885,
    0.05849902331829071,
    0.0195523239672184,
    0.012619037181138992,
    0.02021661400794983,
    0.018098436295986176,
    0.015276830643415451,
    0.018381405621767044,
    0.016703790053725243,
    0.015533139929175377,
    0.015269226394593716,
    0.013777372427284718,
    0.015320353209972382,
    0.017690734937787056,
    0.01457849983125925,
    0.01641416922211647,
    0.01549224928021431,
    0.015103185549378395,
    0.016311505809426308,
    0.016361910849809647,
    0.016471054404973984,
    0.017123756930232048,
    0.01822085678577423,
    0.020642314106225967,
    0.01944512315094471,
    0.01879230886697769
  ],
  "val_mae": [
    0.36187729239463806,
    0.21484245359897614,
    0.1267417073249817,
    0.11790747195482254,
    0.13759025931358337,
    0.11571256071329117,
    0.1491459161043167,
    0.17839975655078888,
    0.14579522609710693,
    0.13128411769866943,
    0.21940977871418,
    0.11580529063940048,
    0.13645678758621216,
    0.0926511138677597,
    0.0925690159201622,
    0.21974170207977295,
    0.10981669276952744,
    0.09671846032142639,
    0.12063191831111908,
    0.11053840070962906,
    0.10332513600587845,
    0.11442925781011581,
    0.10483534634113312,
    0.10597338527441025,
    0.10108181089162827,
    0.09898890554904938,
    0.10179685801267624,
    0.10544927418231964,
    0.10124441236257553,
    0.10675771534442902,
    0.1036696806550026,
    0.10268144309520721,
    0.10600456595420837,
    0.10663627833127975,
    0.10773655027151108,
    0.10947617888450623,
    0.11211419850587845,
    0.12259938567876816,
    0.11541983485221863,
    0.1135481595993042
  ],
  "val_mse": [
    0.13963143527507782,
    0.05859079211950302,
    0.023594001308083534,
    0.01992502249777317,
    0.02774539589881897,
    0.019541457295417786,
    0.03035646490752697,
    0.04278896749019623,
    0.02904069609940052,
    0.024642985314130783,
    0.07471270114183426,
    0.019655335694551468,
    0.03129259869456291,
    0.01171930506825447,
    0.011496201157569885,
    0.05849902331829071,
    0.0195523239672184,
    0.012619037181138992,
    0.02021661400794983,
    0.018098436295986176,
    0.015276830643415451,
    0.018381405621767044,
    0.016703790053725243,
    0.015533139929175377,
    0.015269226394593716,
    0.013777372427284718,
    0.015320353209972382,
    0.017690734937787056,
    0.01457849983125925,
    0.01641416922211647,
    0.01549224928021431,
    0.015103185549378395,
    0.016311505809426308,
    0.016361910849809647,
    0.016471054404973984,
    0.017123756930232048,
    0.01822085678577423,
    0.020642314106225967,
    0.01944512315094471,
    0.01879230886697769
  ],
  "learning_rate": [
    0.0005000000237487257,
    0.0005000000237487257,
    0.0005000000237487257,
    0.0005000000237487257,
    0.0005000000237487257,
    0.0005000000237487257,
    0.0005000000237487257,
    0.0005000000237487257,
    0.0005000000237487257,
    0.0005000000237487257,
    0.0005000000237487257,
    0.0005000000237487257,
    0.0005000000237487257,
    0.0005000000237487257,
    0.0005000000237487257,
    0.0005000000237487257,
    0.0005000000237487257,
    0.0005000000237487257,
    0.0005000000237487257,
    0.0005000000237487257,
    0.0005000000237487257,
    0.0005000000237487257,
    0.0005000000237487257,
    0.0002500000118743628,
    0.0002500000118743628,
    0.0002500000118743628,
    0.0002500000118743628,
    0.0002500000118743628,
    0.0002500000118743628,
    0.0002500000118743628,
    0.0002500000118743628,
    0.0001250000059371814,
    0.0001250000059371814,
    0.0001250000059371814,
    0.0001250000059371814,
    0.0001250000059371814,
    0.0001250000059371814,
    0.0001250000059371814,
    0.0001250000059371814,
    6.25000029685907e-05
  ]
}