{
  "loss": [
    0.037907425314188004,
    0.01664739102125168,
    0.011495360173285007,
    0.01064717210829258,
    0.009036902338266373,
    0.009969178587198257,
    0.008475461043417454,
    0.008800536394119263,
    0.007899167947471142,
    0.007141750305891037,
    0.007325497455894947,
    0.007254074327647686,
    0.00698831444606185,
    0.007617824245244265,
    0.007125007454305887,
    0.00645296648144722
  ],
  "mae": [
    0.14847224950790405,
    0.10039810836315155,
    0.08221855014562607,
    0.0804000198841095,
    0.07328373193740845,
    0.07561575621366501,
    0.0725003033876419,
    0.07112985104322433,
    0.06925256550312042,
    0.06605980545282364,
    0.06515376269817352,
    0.06573466956615448,
    0.06445286422967911,
    0.06727635115385056,
    0.06503315269947052,
    0.06253904104232788
  ],
  "mse": [
    0.037907425314188004,
    0.01664739102125168,
    0.011495360173285007,
    0.01064717210829258,
    0.009036902338266373,
    0.009969178587198257,
    0.008475461043417454,
    0.008800536394119263,
    0.007899167947471142,
    0.007141750305891037,
    0.007325497455894947,
    0.007254074327647686,
    0.00698831444606185,
    0.007617824245244265,
    0.007125007454305887,
    0.00645296648144722
  ],
  "val_loss": [
    0.0034180046059191227,
    0.006827575154602528,
    0.0047159320674836636,
    0.004619955085217953,
    0.01578879915177822,
    0.008034572005271912,
    0.011979848146438599,
    0.004856607411056757,
    0.01839023269712925,
    0.005525846499949694,
    0.014297117479145527,
    0.01974102109670639,
    0.013920487836003304,
    0.012609797529876232,
    0.009095121175050735,
    0.009683774784207344
  ],
  "val_mae": [
    0.048445358872413635,
    0.07096120715141296,
    0.055830031633377075,
    0.060198500752449036,
    0.11057227104902267,
    0.07671365886926651,
    0.09768719971179962,
    0.057571034878492355,
    0.12822380661964417,
    0.061338070780038834,
    0.10615662485361099,
    0.13079224526882172,
    0.10566189885139465,
    0.09990254044532776,
    0.08159652352333069,
    0.08501846343278885
  ],
  "val_mse": [
    0.0034180046059191227,
    0.006827575154602528,
    0.0047159320674836636,
    0.004619955085217953,
    0.01578879915177822,
    0.008034572005271912,
    0.011979848146438599,
    0.004856607411056757,
    0.01839023269712925,
    0.005525846499949694,
    0.014297117479145527,
    0.01974102109670639,
    0.013920487836003304,
    0.012609797529876232,
    0.009095121175050735,
    0.009683774784207344
  ],
  "learning_rate": [
    9.999999747378752e-05,
    9.999999747378752e-05,
    9.999999747378752e-05,
    9.999999747378752e-05,
    9.999999747378752e-05,
    9.999999747378752e-05,
    4.999999873689376e-05,
    4.999999873689376e-05,
    4.999999873689376e-05,
    4.999999873689376e-05,
    4.999999873689376e-05,
    2.499999936844688e-05,
    2.499999936844688e-05,
    2.499999936844688e-05,
    2.499999936844688e-05,
    2.499999936844688e-05
  ]
}